<?xml version="1.0" encoding="UTF-8"?>
<root>
  <item name="com.stripe.android.net.ErrorParser MALFORMED_RESPONSE_MESSAGE">
    <annotation name="android.support.annotation.VisibleForTesting" />
  </item>
  <item name="com.stripe.android.net.PollingNetworkHandler int getRetryCount()">
    <annotation name="android.support.annotation.VisibleForTesting" />
  </item>
  <item name="com.stripe.android.net.PollingNetworkHandler long getTimeoutMs()">
    <annotation name="android.support.annotation.VisibleForTesting" />
  </item>
  <item name="com.stripe.android.net.PollingNetworkHandler void setSourceRetriever(com.stripe.android.net.SourceRetriever)">
    <annotation name="android.support.annotation.VisibleForTesting" />
  </item>
  <item name="com.stripe.android.net.PollingSyncNetworkHandler long getTimeOutMs()">
    <annotation name="android.support.annotation.VisibleForTesting" />
  </item>
  <item name="com.stripe.android.net.StripeApiHandler com.stripe.android.model.Token requestToken(java.lang.String, java.lang.String, java.util.Map&lt;java.lang.String,java.lang.Object&gt;, com.stripe.android.net.RequestOptions) 0">
    <annotation name="android.support.annotation.StringDef">
      <val name="value" val="{com.stripe.android.net.StripeApiHandler.GET, com.stripe.android.net.StripeApiHandler.POST}" />
    </annotation>
  </item>
  <item name="com.stripe.android.net.StripeApiHandler com.stripe.android.net.StripeResponse getStripeResponse(java.lang.String, java.lang.String, java.util.Map&lt;java.lang.String,java.lang.Object&gt;, com.stripe.android.net.RequestOptions) 0">
    <annotation name="android.support.annotation.StringDef">
      <val name="value" val="{com.stripe.android.net.StripeApiHandler.GET, com.stripe.android.net.StripeApiHandler.POST}" />
    </annotation>
  </item>
  <item name="com.stripe.android.net.StripeApiHandler com.stripe.android.net.StripeResponse makeURLConnectionRequest(java.lang.String, java.lang.String, java.lang.String, com.stripe.android.net.RequestOptions) 0">
    <annotation name="android.support.annotation.StringDef">
      <val name="value" val="{com.stripe.android.net.StripeApiHandler.GET, com.stripe.android.net.StripeApiHandler.POST}" />
    </annotation>
  </item>
  <item name="com.stripe.android.net.StripeApiHandler java.lang.String getApiUrl()">
    <annotation name="android.support.annotation.VisibleForTesting" />
  </item>
  <item name="com.stripe.android.net.StripeApiHandler java.lang.String getRetrieveSourceApiUrl(java.lang.String)">
    <annotation name="android.support.annotation.VisibleForTesting" />
  </item>
  <item name="com.stripe.android.net.StripeApiHandler java.lang.String getRetrieveTokenApiUrl(java.lang.String)">
    <annotation name="android.support.annotation.VisibleForTesting" />
  </item>
  <item name="com.stripe.android.net.StripeApiHandler java.lang.String getSourcesUrl()">
    <annotation name="android.support.annotation.VisibleForTesting" />
  </item>
  <item name="com.stripe.android.net.StripeApiHandler java.lang.String requestData(java.lang.String, java.lang.String, java.util.Map&lt;java.lang.String,java.lang.Object&gt;, com.stripe.android.net.RequestOptions) 0">
    <annotation name="android.support.annotation.StringDef">
      <val name="value" val="{com.stripe.android.net.StripeApiHandler.GET, com.stripe.android.net.StripeApiHandler.POST}" />
    </annotation>
  </item>
</root>

